Id,Date,Open,High,Low,Close,Volume,Market Cap
493,"May 07, 2020",9261.9,9992.66,9138.32,9951.52,61112700562,182787376637
492,"May 06, 2020",9007.44,9411.47,8966.71,9268.76,49371886931,170229620935
491,"May 05, 2020",8912.83,9062.41,8856.83,9003.07,43148462663,165332488792
490,"May 04, 2020",8895.74,8956.91,8645.02,8912.65,45718796276,163654493632
489,"May 03, 2020",8983.61,9167.78,8830.97,8897.47,47101785174,163358189151
488,"May 02, 2020",8869.06,9007.19,8811.37,8988.6,40134388683,165012307600
487,"May 01, 2020",8672.78,9048.02,8667.76,8864.77,44068389997,162722652380
486,"Apr 30, 2020",8797.67,9440.65,8533.26,8658.55,66964629541,158922133909
485,"Apr 29, 2020",7806.71,8871.75,7786.05,8801.04,60201052203,161522471385
484,"Apr 28, 2020",7796.97,7814.53,7730.81,7807.06,33187959921,143266252261
483,"Apr 27, 2020",7679.42,7795.6,7679.42,7795.6,36162144725,143040988590
482,"Apr 26, 2020",7570.14,7700.59,7561.41,7679.87,33070154491,140903867573
481,"Apr 25, 2020",7550.48,7641.36,7521.67,7569.94,32941541447,138874072264
480,"Apr 24, 2020",7434.18,7574.2,7434.18,7550.9,34636526286,138512029491
479,"Apr 23, 2020",7121.31,7491.78,7081.59,7429.72,43500782316,136275638031
478,"Apr 22, 2020",6879.44,7145.87,6867.78,7117.21,33249153866,130530916077
477,"Apr 21, 2020",6879.78,6934.55,6834.44,6880.32,32589741511,126175238603
476,"Apr 20, 2020",7186.87,7240.29,6835.5,6881.96,37747113936,126192239912
475,"Apr 19, 2020",7260.92,7280.52,7167.05,7189.42,31311210215,131815853850
474,"Apr 18, 2020",7092.29,7269.96,7089.25,7257.66,32447188386,133053136876
473,"Apr 17, 2020",7116.55,7167.18,7050.33,7096.18,32513423567,130078472088
472,"Apr 16, 2020",6640.45,7134.45,6555.5,7116.8,46783242377,130445413270
471,"Apr 15, 2020",6845.56,6928.66,6633.4,6642.11,32288311031,121731940639
470,"Apr 14, 2020",6843.28,6958.56,6793.82,6842.43,34110434052,125388687977
469,"Apr 13, 2020",6965.62,6965.62,6668.26,6845.04,38619308647,125422221237
468,"Apr 12, 2020",6858.07,7119.95,6811.08,6971.09,35759567632,127716846208
467,"Apr 11, 2020",6867.44,6926.07,6789.92,6859.08,31222085946,125651623116
466,"Apr 10, 2020",7303.82,7303.82,6802.47,6865.49,43622840992,125755496117
465,"Apr 09, 2020",7337.97,7341.45,7179.09,7302.09,34815139178,133737857010
464,"Apr 08, 2020",7179.28,7356.22,7153.31,7334.1,37563249549,134309895036
463,"Apr 07, 2020",7273.64,7427.94,7136.71,7176.41,44243482668,131409299432
462,"Apr 06, 2020",6788.05,7271.78,6782.89,7271.78,46896904615,133140400948
461,"Apr 05, 2020",6862.54,6883.41,6715.93,6791.13,29510409856,124328853512
460,"Apr 04, 2020",6738.38,6878.95,6696.48,6867.53,33185988584,125712834530
459,"Apr 03, 2020",6797.4,7003.22,6673.34,6733.39,38976504903,123244051100
458,"Apr 02, 2020",6606.78,7088.25,6595.92,6793.62,47660646124,124335130640
457,"Apr 01, 2020",6437.32,6612.57,6202.37,6606.78,40346426266,120903014693
456,"Mar 31, 2020",6430.61,6504.52,6374.16,6438.64,32786468812,117814077267
455,"Mar 30, 2020",5925.54,6517.2,5903.23,6429.84,37101651525,117640143688
454,"Mar 29, 2020",6245.62,6250.47,5920.09,5922.04,28373690931,108338520156
453,"Mar 28, 2020",6467.25,6467.5,6117.84,6242.19,34885225901,114183689641
452,"Mar 27, 2020",6719.39,6793.84,6466.7,6469.8,34585598367,118336082172
451,"Mar 26, 2020",6675.17,6735.46,6590.96,6716.44,35319797642,122834375216
450,"Mar 25, 2020",6738.72,6892.51,6536.93,6681.06,44590107888,122174009143
449,"Mar 24, 2020",6436.64,6789.02,6411.07,6734.8,48221910672,123148917787
448,"Mar 23, 2020",5831.37,6443.93,5785,6416.31,46491916000,117314776187
447,"Mar 22, 2020",6185.56,6359.7,5823.71,5830.25,40099664740,106591196069
446,"Mar 21, 2020",6206.52,6378.14,5932.82,6185.07,42494390880,113068192795
445,"Mar 20, 2020",6191.65,6844.26,5865.78,6198.78,54442976103,113309245860
444,"Mar 19, 2020",5245.42,6329.74,5236.97,6191.19,51000731797,113162079956
443,"Mar 18, 2020",5227.11,5331.83,5069.34,5238.44,37878801016,95740715529
442,"Mar 17, 2020",5002.58,5371.35,4981.91,5225.63,38622642935,95499941183
441,"Mar 16, 2020",5385.23,5385.23,4575.36,5014.48,45368026430,91633478850
440,"Mar 15, 2020",5201.07,5836.65,5169.28,5392.31,33997889639,98530059890
439,"Mar 14, 2020",5573.08,5625.23,5125.07,5200.37,36154506008,95014981944
438,"Mar 13, 2020",5017.83,5838.11,4106.98,5563.71,74156772075,101644613038
437,"Mar 12, 2020",7913.62,7929.12,4860.35,4970.79,53980357243,90804613601
436,"Mar 11, 2020",7910.09,7950.81,7642.81,7911.43,38682762605,144508402671
435,"Mar 10, 2020",7922.15,8136.95,7814.76,7909.73,42213940994,144465567734
434,"Mar 09, 2020",8111.15,8177.79,7690.1,7923.64,46936995808,144706353758
433,"Mar 08, 2020",8908.21,8914.34,8105.25,8108.12,39973102121,148060284561
432,"Mar 07, 2020",9121.6,9163.22,8890.74,8909.95,36216930370,162684945903
431,"Mar 06, 2020",9078.31,9167.7,9032.08,9122.55,40826885651,166548261960
430,"Mar 05, 2020",8760.29,9142.05,8757.25,9078.76,39698054597,165731679918
429,"Mar 04, 2020",8788.54,8843.37,8712.43,8755.25,34746706368,159807857328
428,"Mar 03, 2020",8865.39,8901.6,8704.99,8787.79,42386715821,160383579416
427,"Mar 02, 2020",8563.26,8921.31,8532.63,8869.67,42857674409,161861167745
426,"Mar 01, 2020",8599.76,8726.8,8471.21,8562.45,35349164300,156238987740
425,"Feb 29, 2020",8671.21,8775.63,8599.51,8599.51,35792392544,156895988084
424,"Feb 28, 2020",8788.73,8890.46,8492.93,8672.46,44605450443,158211707019
423,"Feb 27, 2020",8825.09,8932.89,8577.2,8784.49,45470195695,160238496932
422,"Feb 26, 2020",9338.29,9354.78,8704.43,8820.52,50420050762,160879489024
421,"Feb 25, 2020",9651.31,9652.74,9305.02,9341.71,42515259129,170369581558
420,"Feb 24, 2020",9921.58,9951.75,9537.04,9650.17,45080496648,175977808526
419,"Feb 23, 2020",9663.32,9937.4,9657.79,9924.52,41185185761,180963233540
418,"Feb 22, 2020",9687.71,9698.23,9600.73,9663.18,35838025154,176180696548
417,"Feb 21, 2020",9611.78,9723.01,9589.74,9686.44,40930547513,176587087363
416,"Feb 20, 2020",9629.33,9643.22,9507.9,9608.48,44925260237,175147142158
415,"Feb 19, 2020",10143.8,10191.68,9611.22,9633.39,46992019710,175585931679
414,"Feb 18, 2020",9691.23,10161.94,9632.38,10142,47271023953,184838512656
413,"Feb 17, 2020",9936.56,9938.82,9507.64,9690.14,45998298413,176585280987
412,"Feb 16, 2020",9889.18,10053.97,9722.39,9934.43,43374780305,181017665264
411,"Feb 15, 2020",10313.86,10341.56,9874.43,9889.42,43865054831,180179996219
410,"Feb 14, 2020",10211.55,10322,10125.53,10312.12,43338264162,187862645449
409,"Feb 13, 2020",10323.96,10457.63,10116.16,10214.38,49356071373,186065003526
408,"Feb 12, 2020",10202.39,10393.61,10202.39,10326.05,43444303830,188081204386
407,"Feb 11, 2020",9855.89,10210.05,9729.33,10208.24,37648059389,185917114989
406,"Feb 10, 2020",10115.56,10165.77,9784.56,9856.61,39386548075,179494809266
405,"Feb 09, 2020",9863.89,10129.44,9850.39,10116.67,35807884663,184214765394
404,"Feb 08, 2020",9793.07,9876.75,9678.91,9865.12,35172043762,179615828322
403,"Feb 07, 2020",9726,9834.72,9726,9795.94,34522718159,178339437206
402,"Feb 06, 2020",9617.82,9824.62,9539.82,9729.8,37628823716,177118274394
401,"Feb 05, 2020",9183.42,9701.3,9163.7,9613.42,35222060874,174983423933
400,"Feb 04, 2020",9292.84,9331.27,9112.81,9180.96,29893183716,167093636162
399,"Feb 03, 2020",9344.68,9540.37,9248.63,9293.52,30934096509,169126861034
398,"Feb 02, 2020",9389.82,9468.8,9217.82,9344.37,30835736946,170034976662
397,"Feb 01, 2020",9346.36,9439.32,9313.24,9392.88,25922656496,170900662180
396,"Jan 31, 2020",9508.31,9521.71,9230.78,9350.53,29432489719,170112778161
395,"Jan 30, 2020",9316.02,9553.13,9230.9,9508.99,32378792851,172978577931
394,"Jan 29, 2020",9357.47,9406.43,9269.47,9316.63,30682598115,169460984603
393,"Jan 28, 2020",8912.52,9358.59,8908.45,9358.59,34398744403,170205617955
392,"Jan 27, 2020",8597.31,8977.73,8597.31,8909.82,28647338393,162027957435
391,"Jan 26, 2020",8364.41,8602.4,8325.5,8596.83,22177678796,156322174637
390,"Jan 25, 2020",8440.12,8458.45,8296.22,8367.85,19647331549,152143262650
389,"Jan 24, 2020",8405.57,8514.67,8266.84,8445.43,24397913026,153536829768
388,"Jan 23, 2020",8680.65,8687.75,8333.64,8406.52,25770680779,152813329633
387,"Jan 22, 2020",8744.21,8792.99,8636.75,8680.88,22600204051,157783273070
386,"Jan 21, 2020",8658.99,8755.71,8544.52,8745.89,24097418512,158947996834
385,"Jan 20, 2020",8704.63,8745.59,8560.47,8657.64,26422375678,157327553259
384,"Jan 19, 2020",8941.45,9164.36,8620.08,8706.25,34217320471,158194319735
383,"Jan 18, 2020",8927.21,9012.2,8827.33,8942.81,32337772627,162475965880
382,"Jan 17, 2020",8725.21,8958.12,8677.32,8929.04,36372139320,162211148778
381,"Jan 16, 2020",8812.48,8846.46,8612.1,8723.79,31313981931,158465055984
380,"Jan 15, 2020",8825.34,8890.12,8657.19,8807.01,40102834650,159959191212
379,"Jan 14, 2020",8140.93,8879.51,8140.93,8827.76,44841784107,160319484883
378,"Jan 13, 2020",8189.77,8197.79,8079.7,8144.19,22482910688,147890525973
377,"Jan 12, 2020",8033.26,8200.06,8009.06,8192.49,22903438381,148752956966
376,"Jan 11, 2020",8162.19,8218.36,8029.64,8037.54,25521165085,145924199942
375,"Jan 10, 2020",7878.31,8166.55,7726.77,8166.55,28714583844,148249907277
374,"Jan 09, 2020",8082.3,8082.3,7842.4,7879.07,24045990466,143016572819
373,"Jan 08, 2020",8161.94,8396.74,7956.77,8079.86,31672559265,146645162431
372,"Jan 07, 2020",7768.68,8178.22,7768.23,8163.69,28767291327,148152237654
371,"Jan 06, 2020",7410.45,7781.87,7409.29,7769.22,23276261598,140976457304
370,"Jan 05, 2020",7410.45,7544.5,7400.54,7411.32,19725074095,134469548249
369,"Jan 04, 2020",7345.38,7427.39,7309.51,7410.66,18444271275,134442464030
368,"Jan 03, 2020",6984.43,7413.72,6915,7344.88,28111481032,133233444755
367,"Jan 02, 2020",7202.55,7212.16,6935.27,6985.47,20802083465,126699395235
366,"Jan 01, 2020",7194.89,7254.33,7174.94,7200.17,18565664997,130580829150
365,"Dec 31, 2019",7294.44,7335.29,7169.78,7193.6,21167946112,130446112598
364,"Dec 30, 2019",7420.27,7454.82,7276.31,7293,22874131672,132235128152
363,"Dec 29, 2019",7317.65,7513.95,7279.87,7422.65,22445257702,134570835775
362,"Dec 28, 2019",7289.03,7399.04,7286.91,7317.99,21365673026,132659059740
361,"Dec 27, 2019",7238.14,7363.53,7189.93,7290.09,22777360996,132139502950
360,"Dec 26, 2019",7274.8,7388.3,7200.39,7238.97,22787010034,131200030100
359,"Dec 25, 2019",7325.76,7357.02,7220.99,7275.16,21559505149,131840641292
358,"Dec 24, 2019",7354.39,7535.72,7269.53,7322.53,22991622105,132687583295
357,"Dec 23, 2019",7508.9,7656.18,7326.19,7355.63,27831788041,133275709111
356,"Dec 22, 2019",7191.19,7518.03,7167.18,7511.59,23134537956,136088022049
355,"Dec 21, 2019",7220.59,7223.23,7112.74,7191.16,19312552168,130267655889
354,"Dec 20, 2019",7208.64,7257.92,7086.12,7218.82,22633815180,130752796980
353,"Dec 19, 2019",7277.59,7346.6,7041.38,7202.84,25904604416,130445758713
352,"Dec 18, 2019",6647.7,7324.98,6540.05,7276.8,31836522778,131754969804
351,"Dec 17, 2019",6931.32,6964.07,6587.97,6640.52,22363804217,120234244809
350,"Dec 16, 2019",7153.66,7171.17,6903.68,6932.48,20213265950,125515586952
349,"Dec 15, 2019",7124.24,7181.08,6924.38,7152.3,16881129804,129481424648
348,"Dec 14, 2019",7268.9,7308.84,7097.21,7124.67,17137029730,128970221233
347,"Dec 13, 2019",7244.66,7293.56,7227.12,7269.68,17125736940,131581377758
346,"Dec 12, 2019",7216.74,7266.64,7164.74,7243.13,18927080224,131087151088
345,"Dec 11, 2019",7277.2,7324.16,7195.53,7217.43,16350490689,130609895528
344,"Dec 10, 2019",7397.13,7424.02,7246.04,7278.12,18249031195,131696121855
343,"Dec 09, 2019",7561.8,7618.09,7365.99,7400.9,17872021272,133904005787
342,"Dec 08, 2019",7551.34,7634.61,7476.09,7564.35,15409908086,136847419896
341,"Dec 07, 2019",7547.27,7589.95,7525.71,7556.24,15453520564,136686769529
340,"Dec 06, 2019",7450.56,7547,7392.18,7547,18104466307,136504883935
339,"Dec 05, 2019",7253.24,7743.43,7232.68,7448.31,18816085231,134706455048
338,"Dec 04, 2019",7320.13,7539.78,7170.92,7252.03,21664240918,131143073943
337,"Dec 03, 2019",7323.98,7418.86,7229.36,7320.15,14797485769,132359942301
336,"Dec 02, 2019",7424.04,7474.82,7233.4,7321.99,17082040706,132378982377
335,"Dec 01, 2019",7571.62,7571.62,7291.34,7424.29,18720708479,134215145410
334,"Nov 30, 2019",7764.06,7836.1,7515.85,7569.63,17158194786,136829391049
333,"Nov 29, 2019",7466.73,7781.18,7460.76,7761.24,19709695456,140280108521
332,"Nov 28, 2019",7536.82,7730.07,7454.12,7463.11,19050116751,134879411013
331,"Nov 27, 2019",7220.88,7619.69,6974.17,7531.66,23991412764,136102712894
330,"Nov 26, 2019",7145.16,7320.23,7098.57,7218.37,21129505542,130429018720
329,"Nov 25, 2019",7039.98,7319.86,6617.17,7146.13,42685231262,129112952930
328,"Nov 24, 2019",7398.63,7408.58,7029.29,7047.92,30433517289,127327398565
327,"Nov 23, 2019",7296.16,7442.26,7151.42,7397.8,21008924418,133636205957
326,"Nov 22, 2019",7643.57,7697.38,6936.71,7296.58,34242315785,131791783672
325,"Nov 21, 2019",8023.64,8110.1,7597.38,7642.75,22514243371,138031885379
324,"Nov 20, 2019",8203.61,8237.24,8010.51,8027.27,20764300437,144962727398
323,"Nov 19, 2019",8305.13,8408.52,8099.96,8206.15,21083613816,148178376843
322,"Nov 18, 2019",8573.98,8653.28,8273.57,8309.29,21579470673,150025712267
321,"Nov 17, 2019",8549.47,8727.79,8500.97,8577.98,18668638897,154861842425
320,"Nov 16, 2019",8491.17,8592,8473.97,8550.76,16495389808,154354054194
319,"Nov 15, 2019",8705.71,8730.87,8484.84,8491.99,21796856471,153277483626
318,"Nov 14, 2019",8811.94,8826.94,8692.55,8708.1,19084739975,157160974644
317,"Nov 13, 2019",8812.03,8836.84,8761.65,8808.26,17545755405,158949942842
316,"Nov 12, 2019",8759.75,8853.77,8685.43,8815.66,20309769107,159068712900
315,"Nov 11, 2019",9056.92,9081.28,8700.61,8757.79,20265510765,158009772437
314,"Nov 10, 2019",8812.49,9103.83,8806.16,9055.53,20587919881,163364406732
313,"Nov 09, 2019",8809.47,8891.82,8793.16,8813.58,17578630606,158981489715
312,"Nov 08, 2019",9265.37,9272.76,8775.53,8804.88,24333037836,158808570729
311,"Nov 07, 2019",9352.39,9368.48,9202.35,9267.56,22700383839,167138722904
310,"Nov 06, 2019",9340.86,9423.24,9305.91,9360.88,23133895765,168806151583
309,"Nov 05, 2019",9413,9457.42,9256.93,9342.53,26198609048,168459778835
308,"Nov 04, 2019",9235.61,9505.05,9191.49,9412.61,26170255634,169706332936
307,"Nov 03, 2019",9324.79,9379.81,9141.25,9235.35,21132220847,166495319475
306,"Nov 02, 2019",9259.78,9377.49,9249.59,9324.72,21242676385,168090392935
305,"Nov 01, 2019",9193.99,9275.66,9132.05,9261.1,24324691031,166928044164
304,"Oct 31, 2019",9202.46,9383.16,9028.72,9199.58,26583653947,165804227835
303,"Oct 30, 2019",9422.46,9426.87,9085.37,9205.73,27706531577,165899500650
302,"Oct 29, 2019",9248.44,9516.18,9232.65,9427.69,28426779937,169883866262
301,"Oct 28, 2019",9565.1,9805.12,9256.15,9256.15,30948255332,166777392742
300,"Oct 27, 2019",9241.71,9749.53,9112.54,9551.71,32593129501,172087039875
299,"Oct 26, 2019",8667.58,10021.74,8662.62,9244.97,44496255609,166547360782
298,"Oct 25, 2019",7490.7,8691.54,7479.98,8660.7,28705065488,156006603607
297,"Oct 24, 2019",7509.73,7532.87,7446.99,7493.49,16268708849,134968410276
296,"Oct 23, 2019",8076.23,8093,7469.32,7514.67,21942878958,135337364282
295,"Oct 22, 2019",8243.4,8296.65,8074.46,8078.2,16803377857,145469660005
294,"Oct 21, 2019",8225.12,8296.69,8196.42,8243.72,15868748866,148432733155
293,"Oct 20, 2019",7997.81,8281.82,7949.44,8222.08,15504249442,148026597064
292,"Oct 19, 2019",7973.8,8082.63,7944.78,7988.56,13797825640,143808163807
291,"Oct 18, 2019",8100.93,8138.41,7902.16,7973.21,15651592610,143517630376
290,"Oct 17, 2019",8047.81,8134.83,8000.94,8103.91,14313052244,145853994298
289,"Oct 16, 2019",8204.67,8216.81,7985.09,8047.53,16071646996,144823993562
288,"Oct 15, 2019",8373.46,8410.71,8182.71,8205.37,15220412632,147650082215
287,"Oct 14, 2019",8320.83,8390.21,8284.13,8374.69,15151387859,150680499056
286,"Oct 13, 2019",8336.9,8470.99,8276.61,8321.01,13808286059,149700817939
285,"Oct 12, 2019",8315.66,8415.24,8313.34,8336.56,14532641605,149965767624
284,"Oct 11, 2019",8585.26,8721.78,8316.18,8321.76,19604381101,149685618275
283,"Oct 10, 2019",8585.28,8625.27,8471.93,8586.47,17618660671,154430515160
282,"Oct 09, 2019",8229.84,8627.71,8169.3,8595.74,19384942333,154579656110
281,"Oct 08, 2019",8246.85,8332.72,8185.76,8228.78,15592264032,147966069982
280,"Oct 07, 2019",7989.12,8308.45,7905.77,8245.62,18009742607,148252589805
279,"Oct 06, 2019",8149.88,8161.41,7958.85,7988.16,13160830305,143607672862
278,"Oct 05, 2019",8210.15,8215.53,8071.12,8151.5,12200497197,146529229668
277,"Oct 04, 2019",8259.49,8260.06,8151.24,8205.94,13139456229,147491804056
276,"Oct 03, 2019",8390.77,8414.23,8146.44,8259.99,13668823409,148448162840
275,"Oct 02, 2019",8344.21,8393.04,8227.7,8393.04,13125712443,150823797662
274,"Oct 01, 2019",8299.72,8497.69,8232.68,8343.28,15305343413,149913972768
273,"Sep 30, 2019",8104.23,8314.23,7830.76,8293.87,17115474183,149011567415
272,"Sep 29, 2019",8246.04,8261.71,7990.5,8104.19,13034629109,145590374681
271,"Sep 28, 2019",8251.27,8285.62,8125.43,8245.92,14141152736,148122503616
270,"Sep 27, 2019",8113.1,8271.52,7965.92,8251.85,16408941156,148212635834
269,"Sep 26, 2019",8487.67,8515.69,7895.63,8118.97,19258205289,145812492488
268,"Sep 25, 2019",8603.43,8744.83,8325.4,8486.99,21744728353,152404005091
267,"Sep 24, 2019",9729.32,9804.32,8370.8,8620.57,25002886689,154785821876
266,"Sep 23, 2019",10067.96,10074.24,9727.14,9729.32,15144925408,174674558023
265,"Sep 22, 2019",10024.12,10074.44,9922.53,10070.39,13199651698,180784051699
264,"Sep 21, 2019",10183.65,10188.1,10000.71,10019.72,13425266806,179853287294
263,"Sep 20, 2019",10266.32,10285.87,10132.19,10181.64,14734189639,182738947696
262,"Sep 19, 2019",10200.5,10295.67,9851.69,10266.41,19937691247,184240949577
261,"Sep 18, 2019",10247.8,10275.93,10191.47,10198.25,16169268880,182998899156
260,"Sep 17, 2019",10281.51,10296.77,10199.74,10241.27,15304603363,183748515828
259,"Sep 16, 2019",10347.22,10386.87,10189.74,10276.79,15160167779,184366827555
258,"Sep 15, 2019",10356.47,10387.03,10313.09,10347.71,12043433567,185618174384
257,"Sep 14, 2019",10345.4,10422.13,10291.69,10358.05,13468713124,185784300332
256,"Sep 13, 2019",10415.36,10441.49,10226.6,10360.55,14109864675,185809163035
255,"Sep 12, 2019",10176.82,10442.25,10099.24,10410.13,15323563925,186678943059
254,"Sep 11, 2019",10123.03,10215.95,9980.78,10178.37,15428063426,182502788242
253,"Sep 10, 2019",10336.41,10394.35,10020.57,10115.98,14906809639,181360731383
252,"Sep 09, 2019",10443.23,10450.31,10144.93,10334.97,17595943368,185263578990
251,"Sep 08, 2019",10518.11,10595.64,10409.09,10441.28,13670567493,187150078007
250,"Sep 07, 2019",10353.93,10558.67,10348.92,10517.25,15307366476,188488525926
249,"Sep 06, 2019",10578.2,10898.76,10292.3,10353.3,19536574783,185530405363
248,"Sep 05, 2019",10588.18,10627.27,10516.42,10575.53,14551239508,189492405383
247,"Sep 04, 2019",10621.18,10762.64,10434.71,10594.49,16742664769,189810010608
246,"Sep 03, 2019",10345.73,10736.1,10308.55,10623.54,19384917989,190312487956
245,"Sep 02, 2019",9757.47,10396.59,9730.65,10346.76,17248102294,185333114163
244,"Sep 01, 2019",9630.59,9796.76,9582.94,9757.97,11445355859,174768292883
243,"Aug 31, 2019",9597.54,9673.22,9531.8,9630.66,11454806419,172470743516
242,"Aug 30, 2019",9514.84,9656.12,9428.3,9598.17,13595263986,171869216524
241,"Aug 29, 2019",9756.79,9756.79,9421.63,9510.2,17045878501,170274910132
240,"Aug 28, 2019",10203.43,10279.37,9716.66,9754.42,17603790323,174627460400
239,"Aug 27, 2019",10372.83,10381.33,10087.3,10185.5,14762609503,182325540955
238,"Aug 26, 2019",10126.3,10512.33,10126.3,10370.82,18438654080,185625235889
237,"Aug 25, 2019",10160.74,10304.62,10008.79,10138.52,14153856610,181450186164
236,"Aug 24, 2019",10407.64,10418.02,9982.3,10159.96,15451030650,181813631752
235,"Aug 23, 2019",10136.31,10442.44,10078.19,10407.97,15627023886,186231409722
234,"Aug 22, 2019",10142.52,10233,9831.46,10131.06,17097508856,181257125783
233,"Aug 21, 2019",10764.57,10798.73,9962.72,10138.05,19473084768,181364502142
232,"Aug 20, 2019",10916.35,10947.04,10618.96,10763.23,15053082175,192530283565
231,"Aug 19, 2019",10350.28,10916.05,10313.2,10916.05,16038264603,195243306008
230,"Aug 18, 2019",10233.01,10487.07,10119.09,10345.81,12999813869,185022920955
229,"Aug 17, 2019",10358.72,10452.62,10086.7,10231.74,13778035685,182966857173
228,"Aug 16, 2019",10319.42,10524.35,9855.48,10374.34,20228207096,185500055339
227,"Aug 15, 2019",10038.42,10437.41,9675.32,10311.55,22899115082,184357666577
226,"Aug 14, 2019",10889.49,10889.56,10028.14,10051.7,19990838300,179692803424
225,"Aug 13, 2019",11385.05,11420.05,10830.33,10895.83,16681503537,194762696644
224,"Aug 12, 2019",11528.19,11528.19,11320.95,11382.62,13647198229,203441494985
223,"Aug 11, 2019",11349.74,11523.58,11248.29,11523.58,15774371518,205941632235
222,"Aug 10, 2019",11861.56,11915.66,11323.9,11354.02,18125355447,202890020455
221,"Aug 09, 2019",11953.47,11970.46,11709.75,11862.94,18339989960,211961319133
220,"Aug 08, 2019",11954.04,11979.42,11556.17,11966.41,19481591730,213788089212
219,"Aug 07, 2019",11476.19,12036.99,11433.7,11941.97,22194988641,213330426789
218,"Aug 06, 2019",11811.55,12273.82,11290.73,11478.17,23635107660,205023347814
217,"Aug 05, 2019",10960.74,11895.09,10960.74,11805.65,23875988832,210848822060
216,"Aug 04, 2019",10821.63,11009.21,10620.28,10970.18,16530894787,195907875403
215,"Aug 03, 2019",10519.28,10946.78,10503.5,10821.73,15352685061,193233960601
214,"Aug 02, 2019",10402.04,10657.95,10371.01,10518.17,17489094082,187791090996
213,"Aug 01, 2019",10077.44,10446.92,9922.02,10399.67,17165337858,185653203391
212,"Jul 31, 2019",9604.05,10085.63,9598.1,10085.63,16631520648,180028959603
211,"Jul 30, 2019",9522.33,9701.76,9437.34,9607.42,13829811132,171472452506
210,"Jul 29, 2019",9548.18,9681.65,9472.95,9519.15,13791445323,169880343827
209,"Jul 28, 2019",9491.63,9575.55,9252.3,9552.86,13738687093,170461958074
208,"Jul 27, 2019",9871.16,10167.32,9411.52,9477.68,16817809536,169099540423
207,"Jul 26, 2019",9913.13,9916.52,9717.98,9870.3,14495714483,176085968354
206,"Jul 25, 2019",9809.1,10154.25,9773.96,9911.84,15821952090,176806451137
205,"Jul 24, 2019",9887.73,9908.8,9614.31,9811.93,17398734322,175005760794
204,"Jul 23, 2019",10346.75,10346.75,9883.6,9900.77,17851916995,176572890702
203,"Jul 22, 2019",10596.95,10651.79,10154.92,10343.11,16334414913,184443440748
202,"Jul 21, 2019",10777.53,10841.89,10389.6,10599.11,17130580467,188987475962
201,"Jul 20, 2019",10525.82,11048.66,10451.28,10767.14,20206615155,191963691255
200,"Jul 19, 2019",10653.96,10716.98,10229.63,10530.73,20727426310,187725578628
199,"Jul 18, 2019",9698.5,10736.84,9376.8,10666.48,25187024648,190129918121
198,"Jul 17, 2019",9471.21,9963.13,9163.13,9693.8,24569921549,172777250515
197,"Jul 16, 2019",10896.65,10996.63,9448.11,9477.64,24151199070,168908640950
196,"Jul 15, 2019",10257.84,11052.77,9992.01,10895.09,25384047207,194147627475
195,"Jul 14, 2019",11381.02,11451.2,10234.58,10256.06,22486000001,182741933552
194,"Jul 13, 2019",11813.13,11841.96,10908.48,11392.38,21042616384,202968191001
193,"Jul 12, 2019",11354.3,11905.49,11179.14,11815.99,23534692797,210494417832
192,"Jul 11, 2019",12139.71,12144.62,11158.92,11358.66,28595327690,202324174692
191,"Jul 10, 2019",12571.54,13129.53,11710.98,12156.51,33627574244,216515999522
190,"Jul 09, 2019",12284.33,12779.13,12233.26,12573.81,28167921523,223928128583
189,"Jul 08, 2019",11446.6,12345.83,11393.37,12285.96,23482551458,218778355444
188,"Jul 07, 2019",11217.62,11541.62,11148.8,11450.85,19369044277,203881891346
187,"Jul 06, 2019",10982.54,11620.97,10982.54,11208.55,21092024306,199546110914
186,"Jul 05, 2019",11203.1,11395.66,10874.96,10978.46,23838480210,195424678267
185,"Jul 04, 2019",11972.72,12006.08,11166.57,11215.44,25920294033,199617404432
184,"Jul 03, 2019",10818.16,11968.08,10818.16,11961.27,30796494294,212867079175
183,"Jul 02, 2019",10588.68,10912.19,9737.88,10801.68,31015895223,192206536806
182,"Jul 01, 2019",10796.93,11206.44,10089.31,10583.13,29378589324,188297637574
181,"Jun 30, 2019",11931.99,12178.38,10799.01,10817.16,27256473494,192442065810
180,"Jun 29, 2019",12400.76,12400.91,11508.38,11959.37,29923961128,212739713110
179,"Jun 28, 2019",11162.17,12445.18,10914.49,12407.33,35087757766,220681459666
178,"Jun 27, 2019",13017.12,13311.14,10491.85,11182.81,39977475223,198878940964
177,"Jun 26, 2019",11778.58,13796.49,11755.6,13016.23,45105733173,231462117209
176,"Jun 25, 2019",11007.2,11790.92,11007.2,11790.92,24879684533,209647943360
175,"Jun 24, 2019",10853.74,11065.9,10610.43,11011.1,19271652365,195762668679
174,"Jun 23, 2019",10696.69,11246.14,10556.1,10855.37,20998326502,192970090355
173,"Jun 22, 2019",10175.92,11157.35,10107.04,10701.69,29995204861,190214124824
172,"Jun 21, 2019",9525.07,10144.56,9525.07,10144.56,20624008643,180293241528
171,"Jun 20, 2019",9273.06,9594.42,9232.48,9527.16,17846823784,169304784791
170,"Jun 19, 2019",9078.73,9299.62,9070.4,9273.52,15546809946,164780855869
169,"Jun 18, 2019",9335.47,9348.37,9004.9,9081.76,15848210536,161353637186
168,"Jun 17, 2019",8988.92,9416.41,8988.92,9320.35,15562951919,165573372261
167,"Jun 16, 2019",8841.44,9335.87,8814.56,8994.49,23348550311,159769423370
166,"Jun 15, 2019",8689.75,8859.13,8618.4,8838.38,18371033226,156982138835
165,"Jun 14, 2019",8230.9,8710.64,8183.39,8693.83,19831162906,154398880249
164,"Jun 13, 2019",8145.55,8311.57,8087.06,8230.92,18669407147,146160317148
163,"Jun 12, 2019",7925.43,8196.65,7862.36,8145.86,19034432883,144634684711
162,"Jun 11, 2019",8004.24,8026.39,7772.8,7927.71,17107279932,140748537530
161,"Jun 10, 2019",7692.28,8031.91,7586.73,8000.33,18689275117,142023351079
160,"Jun 09, 2019",7949.67,7975.97,7583.22,7688.08,16610726547,136465098533
159,"Jun 08, 2019",8036.77,8076.89,7837.61,7954.13,16522722810,141172841635
158,"Jun 07, 2019",7826.9,8126.15,7788.37,8043.95,19141423231,142754693588
157,"Jun 06, 2019",7819.63,7937.34,7571.47,7822.02,19474611077,138800725479
156,"Jun 05, 2019",7704.34,7901.85,7668.67,7824.23,21760923463,138824651666
155,"Jun 04, 2019",8210.99,8210.99,7564.49,7707.77,24609731549,136742790469
154,"Jun 03, 2019",8741.75,8743.5,8204.19,8208.99,22004511436,145619047341
153,"Jun 02, 2019",8565.47,8809.3,8561.24,8742.96,20266216022,155077231351
152,"Jun 01, 2019",8573.84,8625.6,8481.58,8564.02,22488303544,151890214310
151,"May 31, 2019",8320.29,8586.66,8172.55,8574.5,25365190957,152059886414
150,"May 30, 2019",8661.76,9008.31,8221.27,8319.47,29246528551,147525141134
149,"May 29, 2019",8718.59,8755.85,8482.73,8659.49,23473479966,153537047655
148,"May 28, 2019",8802.76,8807.02,8634.72,8719.96,24226919267,154590202287
147,"May 27, 2019",8674.07,8907.17,8668.7,8805.78,27949839564,156093754762
146,"May 26, 2019",8055.21,8687.52,7924.67,8673.22,26677970091,153725486067
145,"May 25, 2019",7991.89,8117.93,7965.98,8052.54,22256813107,142708188838
144,"May 24, 2019",7881.7,8140.72,7824.45,7987.37,25919126991,141539115575
143,"May 23, 2019",7677.27,7943.79,7533.2,7881.85,24457107820,139654107035
142,"May 22, 2019",7956.29,7997.61,7615.99,7680.07,24719473175,136063898960
141,"May 21, 2019",7977.97,8062.17,7843.34,7963.33,25127245056,141065573610
140,"May 20, 2019",8196.92,8200.97,7678.78,7978.31,23843404340,141315695728
139,"May 19, 2019",7267.96,8261.94,7267.96,8197.69,25902422040,145185076705
138,"May 18, 2019",7341.66,7447.27,7251.5,7271.21,21354286562,128761727083
137,"May 17, 2019",7886.93,7929.15,7038.12,7343.9,30066644905,130034777633
136,"May 16, 2019",8194.5,8320.82,7729.61,7884.91,33167197581,139599559278
135,"May 15, 2019",7989.37,8216.42,7899.11,8205.17,28344112920,145254332460
134,"May 14, 2019",7807.88,8268.71,7696.39,7994.42,32031452227,141508656735
133,"May 13, 2019",6971.18,8047.41,6898.28,7814.92,28677672181,138316573807
132,"May 12, 2019",7203.51,7503.87,6815.77,6972.37,27773333680,123389710222
131,"May 11, 2019",6379.67,7333,6375.7,7204.77,28867562329,127488435181
130,"May 10, 2019",6175.82,6434.62,6161.52,6378.85,19419875368,112863284035
129,"May 09, 2019",5982.32,6183.04,5982.32,6174.53,16784645411,109238600750
128,"May 08, 2019",5849.48,5989.98,5794.72,5982.46,15320605300,105829143585
127,"May 07, 2019",5745.6,5988.18,5741.4,5829.5,18026409033,103112368557
126,"May 06, 2019",5791.69,5802.96,5653.69,5746.81,15737171804,101640471056
125,"May 05, 2019",5831.07,5833.86,5708.04,5795.71,14808830723,102494420158
124,"May 04, 2019",5769.2,5886.89,5645.47,5831.17,17567780766,103112021259
123,"May 03, 2019",5505.55,5865.88,5490.2,5768.29,18720780006,101986240859
122,"May 02, 2019",5402.42,5522.26,5394.22,5505.28,14644460907,97330112147
121,"May 01, 2019",5350.91,5418,5347.65,5402.7,13679528236,95501110091
120,"Apr 30, 2019",5247.73,5363.26,5224.19,5350.73,13878964574,94573826827
119,"Apr 29, 2019",5284.86,5311.27,5216.49,5247.35,13735490672,92737510865
118,"Apr 28, 2019",5271.75,5326.23,5255.68,5285.14,12819992056,93391244395
117,"Apr 27, 2019",5279.47,5310.75,5233.64,5268.29,13111274675,93086156556
116,"Apr 26, 2019",5210.3,5383.63,5177.37,5279.35,16812108040,93272287960
115,"Apr 25, 2019",5466.52,5542.24,5181.34,5210.52,15330283408,92046492864
114,"Apr 24, 2019",5571.51,5642.04,5418.26,5464.87,17048033399,96530038144
113,"Apr 23, 2019",5399.37,5633.8,5389.41,5572.36,15867308108,98417387004
112,"Apr 22, 2019",5312.49,5422.69,5280.28,5399.37,14601631648,95354207776
111,"Apr 21, 2019",5335.88,5359.93,5257.34,5314.53,13731844223,93847052256
110,"Apr 20, 2019",5304.16,5358.49,5295.88,5337.89,13169647522,94248717444
109,"Apr 19, 2019",5298.15,5336.68,5233.34,5303.81,13780238655,93638345002
108,"Apr 18, 2019",5251.48,5319.99,5250.51,5298.39,13256489918,93532402741
107,"Apr 17, 2019",5236.14,5274.28,5219.21,5251.94,12438480677,92702617458
106,"Apr 16, 2019",5066.58,5238.95,5055.19,5235.56,11618660197,92404613297
105,"Apr 15, 2019",5167.32,5196.61,5024.07,5067.11,12290155061,89422237603
104,"Apr 14, 2019",5095.76,5184.02,5053.57,5167.72,10391952498,91188595341
103,"Apr 13, 2019",5088.85,5127.12,5061.59,5096.59,10823289598,89925574875
102,"Apr 12, 2019",5061.2,5103.27,4955.85,5089.54,13675206312,89792633045
101,"Apr 11, 2019",5325.08,5354.23,5017.3,5064.49,16555616019,89341168457
100,"Apr 10, 2019",5204.11,5421.65,5193.38,5324.55,15504590933,93918439274
99,"Apr 09, 2019",5289.92,5289.92,5167.42,5204.96,14722104361,91799330425
98,"Apr 08, 2019",5199.84,5318.84,5148.21,5289.77,17154113634,93286365973
97,"Apr 07, 2019",5062.79,5235.19,5050.41,5198.9,16655416140,91674230186
96,"Apr 06, 2019",5036.79,5205.82,4992.22,5059.82,16929795194,89212733450
95,"Apr 05, 2019",4922.81,5053.51,4919.49,5036.68,16837325387,88796118650
94,"Apr 04, 2019",4971.31,5063.16,4836.79,4922.8,18251810240,86778727821
93,"Apr 03, 2019",4879.96,5307,4876.62,4973.02,22899891582,87655288145
92,"Apr 02, 2019",4156.92,4905.95,4155.32,4879.88,21315047816,85986009273
91,"Apr 01, 2019",4105.36,4164.95,4096.9,4158.18,10157794171,73269368747
90,"Mar 31, 2019",4105.46,4113.02,4094.1,4105.4,9045122443,72339379036
89,"Mar 30, 2019",4092.14,4296.81,4053.91,4106.66,9732688060,72355190645
88,"Mar 29, 2019",4068.3,4113.5,4034.1,4098.37,10918665557,72202088875
87,"Mar 28, 2019",4087.58,4094.9,4040.27,4069.11,9353915899,71678998915
86,"Mar 27, 2019",3984.24,4087.07,3977.81,4087.07,10897131934,71987847571
85,"Mar 26, 2019",3969.23,3985.08,3944.75,3985.08,10707678815,70184147203
84,"Mar 25, 2019",4024.11,4038.84,3934.03,3963.07,10359818883,69789872373
83,"Mar 24, 2019",4035.16,4040.7,4006.19,4022.17,9144851065,70823042992
82,"Mar 23, 2019",4022.71,4049.88,4015.96,4035.83,9578850549,71056017910
81,"Mar 22, 2019",4028.51,4053.91,4021.54,4023.97,9252935969,70840048102
80,"Mar 21, 2019",4083.95,4097.36,4005.15,4029.33,10831212662,70926226882
79,"Mar 20, 2019",4070.79,4089.46,4031.11,4087.48,10175916388,71942444088
78,"Mar 19, 2019",4032.69,4082.22,4023.81,4071.19,9344919956,71647703828
77,"Mar 18, 2019",4029.97,4071.56,4009.12,4032.51,9646954186,70958165407
76,"Mar 17, 2019",4047.72,4054.12,4006.41,4025.23,8221625400,70821939585
75,"Mar 16, 2019",3963.9,4077.04,3961.66,4048.73,9856166973,71227967573
74,"Mar 15, 2019",3926.66,3968.54,3914.02,3960.91,9394210605,69675002377
73,"Mar 14, 2019",3905.58,3946.5,3901.3,3924.37,10480789570,69024696307
72,"Mar 13, 2019",3913.05,3926.6,3891.9,3906.72,9469184841,68706700381
71,"Mar 12, 2019",3903.76,3926.89,3863.56,3909.16,9809887079,68743000581
70,"Mar 11, 2019",3953.74,3966.38,3889.24,3905.23,10125901903,68666928025
69,"Mar 10, 2019",3966.17,3966.17,3924.38,3951.6,9713267607,69475297370
68,"Mar 09, 2019",3894.55,3987.24,3892.39,3963.31,10796103518,69674508655
67,"Mar 08, 2019",3913.23,3950.43,3875.23,3901.13,10638638944,68574579320
66,"Mar 07, 2019",3903.38,3939.37,3894.11,3911.48,9584165519,68749421311
65,"Mar 06, 2019",3897.08,3919.51,3871.46,3903.94,9175291529,68609885776
64,"Mar 05, 2019",3759.83,3903.92,3745.18,3896.38,10174126415,68470655400
63,"Mar 04, 2019",3845.09,3867.38,3733.75,3761.56,9029175788,66094551587
62,"Mar 03, 2019",3862.27,3875.48,3836.91,3847.18,7253558152,67592376373
61,"Mar 02, 2019",3855.32,3874.61,3832.13,3864.42,7578786076,67888255371
60,"Mar 01, 2019",3853.76,3907.8,3851.69,3859.58,7661247975,67796965743
59,"Feb 28, 2019",3848.26,3906.06,3845.82,3854.79,8399767798,67704774107
58,"Feb 27, 2019",3857.48,3888.8,3787.06,3851.05,8301309684,67631949500
57,"Feb 26, 2019",3878.7,3891.58,3837.99,3854.36,7931218996,67683296223
56,"Feb 25, 2019",3807,3913.71,3807,3882.7,9318796067,68173204651
55,"Feb 24, 2019",4145.46,4210.64,3793.71,3810.43,10794227451,66897483404
54,"Feb 23, 2019",3998.92,4166.29,3968.73,4142.53,8922258316,72720867208
53,"Feb 22, 2019",3952.41,4006.54,3950.82,4005.53,7826525254,70308555857
52,"Feb 21, 2019",4000.26,4010.01,3940.11,3954.12,7775128102,69398333876
51,"Feb 20, 2019",3946.68,4000.49,3926.25,3999.82,8693373948,70194350042
50,"Feb 19, 2019",3911.66,4010.88,3908.15,3947.09,9933626655,69262673238
49,"Feb 18, 2019",3671.37,3936.67,3669.98,3915.71,9908216640,68704389994
48,"Feb 17, 2019",3633.36,3680.54,3619.18,3673.84,7039512503,64453368779
47,"Feb 16, 2019",3615.27,3652.84,3615.27,3629.79,5934744052,63673369195
46,"Feb 15, 2019",3617.37,3647.8,3608.21,3620.81,6091952231,63509111125
45,"Feb 14, 2019",3631.17,3646.26,3607.7,3616.88,6271044418,63434486052
44,"Feb 13, 2019",3653.6,3669.75,3617.25,3632.07,6438903823,63694394519
43,"Feb 12, 2019",3642.75,3668.59,3618.56,3653.53,6480384532,64063755250
42,"Feb 11, 2019",3695.61,3695.61,3642.29,3648.43,6277056434,63968390250
41,"Feb 10, 2019",3673.2,3695.04,3640.98,3690.19,6282256903,64694025951
40,"Feb 09, 2019",3671.59,3679.94,3646.56,3671.2,6158833645,64354732475
39,"Feb 08, 2019",3401.38,3695.61,3391.02,3666.78,7735623101,64270269953
38,"Feb 07, 2019",3414.93,3427.95,3394.22,3399.47,5004962683,59578075991
37,"Feb 06, 2019",3469.09,3469.09,3398.57,3413.77,5482196038,59821158612
36,"Feb 05, 2019",3454.95,3478.15,3451.94,3466.36,5227549545,60735563490
35,"Feb 04, 2019",3467.21,3476.22,3442.59,3459.15,5332718886,60603083461
34,"Feb 03, 2019",3516.14,3521.39,3447.92,3464.01,5043937584,60681847608
33,"Feb 02, 2019",3484.63,3523.29,3467.57,3521.06,5071623601,61675119055
32,"Feb 01, 2019",3460.55,3501.95,3431.59,3487.95,5422926707,61088747491
31,"Jan 31, 2019",3485.41,3504.8,3447.92,3457.79,5831198271,60553903927
30,"Jan 30, 2019",3443.9,3495.17,3429.39,3486.18,5955112627,61044262622
29,"Jan 29, 2019",3468.87,3476.07,3400.82,3448.12,5897159493,60371874099
28,"Jan 28, 2019",3584.28,3586.75,3439.23,3470.45,6908930483,60756570314
27,"Jan 27, 2019",3604.69,3612.67,3567.25,3583.97,5570752966,62737274093
26,"Jan 26, 2019",3599.72,3654.93,3593.35,3602.46,5098183235,63054898963
25,"Jan 25, 2019",3607.39,3612.93,3575.6,3599.77,5265847539,63000985908
24,"Jan 24, 2019",3584.5,3616.09,3569.09,3600.87,5262869046,63014066012
23,"Jan 23, 2019",3605.56,3623.07,3565.31,3585.12,5433755649,62731361272
22,"Jan 22, 2019",3575.08,3620.75,3539.72,3604.58,5313623556,63065139424
21,"Jan 21, 2019",3600.37,3608.84,3558.54,3576.03,5004347059,62559869612
20,"Jan 20, 2019",3725.45,3743.39,3583.02,3601.01,5582489560,62990143284
19,"Jan 19, 2019",3652.38,3758.53,3652.38,3728.57,5955691380,65214103659
18,"Jan 18, 2019",3677.99,3682.52,3637.08,3657.84,5002961727,63970991867
17,"Jan 17, 2019",3651.87,3680.14,3621.96,3678.56,5464420383,64327048255
16,"Jan 16, 2019",3631.51,3685.78,3624.67,3655.01,5394457145,63909348776
15,"Jan 15, 2019",3704.22,3720.15,3619.95,3630.68,5537192302,63477817959
14,"Jan 14, 2019",3557.31,3727.84,3552.29,3706.05,5651384490,64789619995
13,"Jan 13, 2019",3658.87,3674.76,3544.93,3552.95,4681302466,62106461671
12,"Jan 12, 2019",3686.97,3698.98,3653.81,3661.3,4778170883,63994140882
11,"Jan 11, 2019",3674.02,3713.88,3653.07,3687.37,5538712865,64443301117
10,"Jan 10, 2019",4034.41,4064.07,3659.17,3678.92,6874143796,64288932886
9,"Jan 09, 2019",4031.55,4068.4,4022.66,4035.3,5115905225,70508733459
8,"Jan 08, 2019",4028.47,4109.02,3996.96,4030.85,5306593305,70422743854
7,"Jan 07, 2019",4078.59,4092.61,4020.89,4025.25,5228625637,70316305580
6,"Jan 06, 2019",3836.52,4093.3,3826.51,4076.63,5597027440,71206795853
5,"Jan 05, 2019",3851.97,3904.9,3836.9,3845.19,5137609824,67157570935
4,"Jan 04, 2019",3832.04,3865.93,3783.85,3857.72,4847965467,67368333500
3,"Jan 03, 2019",3931.05,3935.69,3826.22,3836.74,4530215219,66994920903
2,"Jan 02, 2019",3849.22,3947.98,3817.41,3943.41,5244856836,68849856732
1,"Jan 01, 2019",3746.71,3850.91,3707.23,3843.52,4324200990,67098634181
